Original URL,Redirect to,Note
/pricing-plans,/pricing,Old price calculator ($299+ tiers)
/integrations,/pricing#integrations,Same list now lives on /pricing
/frequently-asked-questions,/pricing#faq,
/managed-services,/#which-flieber,
/product,/,
/flieber-inventory,/,
/flieber-studio,/,
/omnichannel,/,
/ecommerce,/,
/agencies,/,
/flieber-vs-foresight-ai,/,
/flieber-vs-netsuite,/,
/flieber-vs-netstock,/,
/best-inventory-software,/,Also its three child pages (use a prefix redirect)
/standardize-vs-pages,/,
/feature-drops,/,
/old-home-page,/,3.1K views Apr-Sep 2026: check whether ads point here before redirecting
/book-a-demo-old,/book-a-demo,
